{
  "antivirusEngine": {
    "enforcementLevel": "real_time",
    "behaviorMonitoring": "enabled",
    "threatTypeSettings": [
      {
        "key": "potentially_unwanted_application",
        "value": "audit"
      },
      {
        "key": "archive_bomb",
        "value": "audit"
      }
    ]
  },
  "cloudService": {
    "automaticDefinitionUpdateEnabled": true,
    "diagnosticLevel": "required",
    "automaticSampleSubmissionConsent": "safe",
    "enabled": true
  },
  "edr": {
    "groupIds": "Onfido",
    "tags": [
      {
        "key": "GROUP",
        "value": "Onfido"
      }
    ]
  }
}